{"cameraMode":{"drawMode":0,"name":"Shaded","section":"Shading Mode"},"sceneLighting":false,"audioPlay":false,"sceneViewState":{"showFog":true,"showMaterialUpdate":false,"showSkybox":true,"showFlares":true,"showImageEffects":true,"showParticleSystems":true},"in2DMode":false,"pivot":{"x":6.9199910163879398,"y":4.843992710113525,"z":6.919991970062256},"rotation":{"x":-0.11808844655752182,"y":0.6516343355178833,"z":-0.10369638353586197,"w":-0.742074728012085},"size":4.041658401489258,"orthographic":false}