{"cameraMode":{"drawMode":0,"name":"Shaded","section":"Shading Mode"},"sceneLighting":true,"audioPlay":false,"sceneViewState":{"showFog":true,"showMaterialUpdate":false,"showSkybox":true,"showFlares":true,"showImageEffects":true,"showParticleSystems":true},"in2DMode":false,"pivot":{"x":1.8214904069900513,"y":0.4999988377094269,"z":0.21963168680667878},"rotation":{"x":-0.12335874885320664,"y":0.05950367823243141,"z":-0.007409999612718821,"w":-0.990548849105835},"size":2.8578882217407228,"orthographic":true}